recommendationId,userId,algorithm,recommendationRate,precisionType,itemsId-rate
1,53968,CollaborativeFiltering,0,imprecise,858-4.119047619047619;260-4.112903225806452;2762-3.8541666666666665;
2,53968,CollaborativeFiltering,0,imprecise,858-4.119047619047619;260-4.112903225806452;2762-3.8541666666666665;
3,53968,CollaborativeFiltering,0,imprecise,858-4.119047619047619;260-4.112903225806452;2762-3.8541666666666665;
4,208238,CollaborativeFiltering,0,imprecise,2011-3.1785714285714284;260-2.5839416058394162;442-2.4285714285714284;
5,208238,CollaborativeFiltering,0,imprecise,2011-3.1785714285714284;260-2.5839416058394162;442-2.4285714285714284;
14,208238,CollaborativeFiltering,0,imprecise,260-2.8700440528634363;4993-2.8426150121065374;165-2.8037974683544302;
