recommendationId,userId,algorithm,recommendationRate,precisionType,itemsId-rate
1,53968,CollaborativeFiltering,0,imprecise,858-4.119047619047619;260-4.112903225806452;2762-3.8541666666666665;
2,53968,CollaborativeFiltering,0,imprecise,858-4.119047619047619;260-4.112903225806452;2762-3.8541666666666665;
3,53968,CollaborativeFiltering,0,imprecise,858-4.119047619047619;260-4.112903225806452;2762-3.8541666666666665;
